file_name,time
1GCV.pdf,1547323195.411896
1GEA.pdf,1547323199.4389532
1LAGQ.pdf,1547323203.25525
1PREP.pdf,1547323207.2243652
1TC.pdf,1547323255.170822
2GCV.pdf,1547323211.5746984
2GEA.pdf,1547323216.1067474
2GL.pdf,1547323219.9021432
2LAGQ.pdf,1547323223.6407497
2PREP.pdf,1547323228.4960582
2RT.pdf,1547323235.5391307
3GCV.pdf,1547323235.5391307
3GEA.pdf,1547323239.322439
3GL.pdf,1547323243.527114
3LAGQ.pdf,1547323247.4641004
3LF.pdf,1547323251.3226795
3RT.pdf,1547323255.170822
